scene_id,difficulty,n_products,seed,status,product_ids,output_image,output_label
SYN_0001,basic,2,42001,PLANNED,,,
SYN_0002,basic,2,42002,PLANNED,,,
SYN_0003,basic,2,42003,PLANNED,,,
SYN_0004,basic,2,42004,PLANNED,,,
SYN_0005,basic,2,42005,PLANNED,,,
SYN_0006,basic,2,42006,PLANNED,,,
SYN_0007,basic,2,42007,PLANNED,,,
SYN_0008,basic,2,42008,PLANNED,,,
SYN_0009,basic,2,42009,PLANNED,,,
SYN_0010,basic,2,42010,PLANNED,,,
SYN_0011,basic,2,42011,PLANNED,,,
SYN_0012,basic,2,42012,PLANNED,,,
SYN_0013,basic,2,42013,PLANNED,,,
SYN_0014,basic,2,42014,PLANNED,,,
SYN_0015,basic,2,42015,PLANNED,,,
SYN_0016,basic,2,42016,PLANNED,,,
SYN_0017,basic,2,42017,PLANNED,,,
SYN_0018,basic,2,42018,PLANNED,,,
SYN_0019,basic,2,42019,PLANNED,,,
SYN_0020,basic,2,42020,PLANNED,,,
SYN_0021,basic,2,42021,PLANNED,,,
SYN_0022,basic,2,42022,PLANNED,,,
SYN_0023,basic,2,42023,PLANNED,,,
SYN_0024,basic,2,42024,PLANNED,,,
SYN_0025,basic,2,42025,PLANNED,,,
SYN_0026,basic,2,42026,PLANNED,,,
SYN_0027,basic,2,42027,PLANNED,,,
SYN_0028,basic,2,42028,PLANNED,,,
SYN_0029,basic,2,42029,PLANNED,,,
SYN_0030,basic,2,42030,PLANNED,,,
SYN_0031,basic,2,42031,PLANNED,,,
SYN_0032,basic,2,42032,PLANNED,,,
SYN_0033,basic,2,42033,PLANNED,,,
SYN_0034,basic,2,42034,PLANNED,,,
SYN_0035,basic,2,42035,PLANNED,,,
SYN_0036,basic,2,42036,PLANNED,,,
SYN_0037,basic,2,42037,PLANNED,,,
SYN_0038,basic,2,42038,PLANNED,,,
SYN_0039,basic,2,42039,PLANNED,,,
SYN_0040,basic,2,42040,PLANNED,,,
SYN_0041,basic,2,42041,PLANNED,,,
SYN_0042,basic,2,42042,PLANNED,,,
SYN_0043,basic,2,42043,PLANNED,,,
SYN_0044,basic,2,42044,PLANNED,,,
SYN_0045,basic,2,42045,PLANNED,,,
SYN_0046,basic,2,42046,PLANNED,,,
SYN_0047,basic,2,42047,PLANNED,,,
SYN_0048,basic,2,42048,PLANNED,,,
SYN_0049,basic,2,42049,PLANNED,,,
SYN_0050,basic,2,42050,PLANNED,,,
SYN_0051,basic,2,42051,PLANNED,,,
SYN_0052,basic,2,42052,PLANNED,,,
SYN_0053,basic,2,42053,PLANNED,,,
SYN_0054,basic,2,42054,PLANNED,,,
SYN_0055,basic,2,42055,PLANNED,,,
SYN_0056,basic,2,42056,PLANNED,,,
SYN_0057,basic,2,42057,PLANNED,,,
SYN_0058,basic,2,42058,PLANNED,,,
SYN_0059,basic,2,42059,PLANNED,,,
SYN_0060,basic,2,42060,PLANNED,,,
SYN_0061,basic,2,42061,PLANNED,,,
SYN_0062,basic,2,42062,PLANNED,,,
SYN_0063,basic,2,42063,PLANNED,,,
SYN_0064,basic,2,42064,PLANNED,,,
SYN_0065,basic,2,42065,PLANNED,,,
SYN_0066,basic,2,42066,PLANNED,,,
SYN_0067,basic,2,42067,PLANNED,,,
SYN_0068,basic,2,42068,PLANNED,,,
SYN_0069,basic,2,42069,PLANNED,,,
SYN_0070,basic,2,42070,PLANNED,,,
SYN_0071,basic,2,42071,PLANNED,,,
SYN_0072,basic,2,42072,PLANNED,,,
SYN_0073,basic,2,42073,PLANNED,,,
SYN_0074,basic,2,42074,PLANNED,,,
SYN_0075,basic,2,42075,PLANNED,,,
SYN_0076,basic,2,42076,PLANNED,,,
SYN_0077,basic,2,42077,PLANNED,,,
SYN_0078,basic,2,42078,PLANNED,,,
SYN_0079,basic,2,42079,PLANNED,,,
SYN_0080,basic,2,42080,PLANNED,,,
SYN_0081,basic,2,42081,PLANNED,,,
SYN_0082,basic,2,42082,PLANNED,,,
SYN_0083,basic,2,42083,PLANNED,,,
SYN_0084,basic,2,42084,PLANNED,,,
SYN_0085,basic,2,42085,PLANNED,,,
SYN_0086,basic,2,42086,PLANNED,,,
SYN_0087,basic,2,42087,PLANNED,,,
SYN_0088,basic,2,42088,PLANNED,,,
SYN_0089,basic,2,42089,PLANNED,,,
SYN_0090,basic,2,42090,PLANNED,,,
SYN_0091,basic,2,42091,PLANNED,,,
SYN_0092,basic,2,42092,PLANNED,,,
SYN_0093,basic,2,42093,PLANNED,,,
SYN_0094,basic,2,42094,PLANNED,,,
SYN_0095,basic,2,42095,PLANNED,,,
SYN_0096,basic,2,42096,PLANNED,,,
SYN_0097,basic,2,42097,PLANNED,,,
SYN_0098,basic,2,42098,PLANNED,,,
SYN_0099,basic,2,42099,PLANNED,,,
SYN_0100,basic,2,42100,PLANNED,,,
SYN_0101,basic,2,42101,PLANNED,,,
SYN_0102,basic,2,42102,PLANNED,,,
SYN_0103,basic,2,42103,PLANNED,,,
SYN_0104,basic,2,42104,PLANNED,,,
SYN_0105,basic,2,42105,PLANNED,,,
SYN_0106,basic,2,42106,PLANNED,,,
SYN_0107,basic,2,42107,PLANNED,,,
SYN_0108,basic,2,42108,PLANNED,,,
SYN_0109,basic,2,42109,PLANNED,,,
SYN_0110,basic,2,42110,PLANNED,,,
SYN_0111,basic,3,42111,PLANNED,,,
SYN_0112,basic,3,42112,PLANNED,,,
SYN_0113,basic,3,42113,PLANNED,,,
SYN_0114,basic,3,42114,PLANNED,,,
SYN_0115,basic,3,42115,PLANNED,,,
SYN_0116,basic,3,42116,PLANNED,,,
SYN_0117,basic,3,42117,PLANNED,,,
SYN_0118,basic,3,42118,PLANNED,,,
SYN_0119,basic,3,42119,PLANNED,,,
SYN_0120,basic,3,42120,PLANNED,,,
SYN_0121,basic,3,42121,PLANNED,,,
SYN_0122,basic,3,42122,PLANNED,,,
SYN_0123,basic,3,42123,PLANNED,,,
SYN_0124,basic,3,42124,PLANNED,,,
SYN_0125,basic,3,42125,PLANNED,,,
SYN_0126,basic,3,42126,PLANNED,,,
SYN_0127,basic,3,42127,PLANNED,,,
SYN_0128,basic,3,42128,PLANNED,,,
SYN_0129,basic,3,42129,PLANNED,,,
SYN_0130,basic,3,42130,PLANNED,,,
SYN_0131,basic,3,42131,PLANNED,,,
SYN_0132,basic,3,42132,PLANNED,,,
SYN_0133,basic,3,42133,PLANNED,,,
SYN_0134,basic,3,42134,PLANNED,,,
SYN_0135,basic,3,42135,PLANNED,,,
SYN_0136,basic,3,42136,PLANNED,,,
SYN_0137,basic,3,42137,PLANNED,,,
SYN_0138,basic,3,42138,PLANNED,,,
SYN_0139,basic,3,42139,PLANNED,,,
SYN_0140,basic,3,42140,PLANNED,,,
SYN_0141,basic,3,42141,PLANNED,,,
SYN_0142,basic,3,42142,PLANNED,,,
SYN_0143,basic,3,42143,PLANNED,,,
SYN_0144,basic,3,42144,PLANNED,,,
SYN_0145,basic,3,42145,PLANNED,,,
SYN_0146,basic,3,42146,PLANNED,,,
SYN_0147,basic,3,42147,PLANNED,,,
SYN_0148,basic,3,42148,PLANNED,,,
SYN_0149,basic,3,42149,PLANNED,,,
SYN_0150,basic,3,42150,PLANNED,,,
SYN_0151,basic,3,42151,PLANNED,,,
SYN_0152,basic,3,42152,PLANNED,,,
SYN_0153,basic,3,42153,PLANNED,,,
SYN_0154,basic,3,42154,PLANNED,,,
SYN_0155,basic,3,42155,PLANNED,,,
SYN_0156,basic,3,42156,PLANNED,,,
SYN_0157,basic,3,42157,PLANNED,,,
SYN_0158,basic,3,42158,PLANNED,,,
SYN_0159,basic,3,42159,PLANNED,,,
SYN_0160,basic,3,42160,PLANNED,,,
SYN_0161,basic,3,42161,PLANNED,,,
SYN_0162,basic,3,42162,PLANNED,,,
SYN_0163,basic,3,42163,PLANNED,,,
SYN_0164,basic,3,42164,PLANNED,,,
SYN_0165,basic,3,42165,PLANNED,,,
SYN_0166,basic,3,42166,PLANNED,,,
SYN_0167,basic,3,42167,PLANNED,,,
SYN_0168,basic,3,42168,PLANNED,,,
SYN_0169,basic,3,42169,PLANNED,,,
SYN_0170,basic,3,42170,PLANNED,,,
SYN_0171,basic,3,42171,PLANNED,,,
SYN_0172,basic,3,42172,PLANNED,,,
SYN_0173,basic,3,42173,PLANNED,,,
SYN_0174,basic,3,42174,PLANNED,,,
SYN_0175,basic,3,42175,PLANNED,,,
SYN_0176,basic,3,42176,PLANNED,,,
SYN_0177,basic,3,42177,PLANNED,,,
SYN_0178,basic,3,42178,PLANNED,,,
SYN_0179,basic,3,42179,PLANNED,,,
SYN_0180,basic,3,42180,PLANNED,,,
SYN_0181,basic,3,42181,PLANNED,,,
SYN_0182,basic,3,42182,PLANNED,,,
SYN_0183,basic,3,42183,PLANNED,,,
SYN_0184,basic,3,42184,PLANNED,,,
SYN_0185,basic,3,42185,PLANNED,,,
SYN_0186,basic,3,42186,PLANNED,,,
SYN_0187,basic,3,42187,PLANNED,,,
SYN_0188,basic,3,42188,PLANNED,,,
SYN_0189,basic,3,42189,PLANNED,,,
SYN_0190,basic,3,42190,PLANNED,,,
SYN_0191,basic,3,42191,PLANNED,,,
SYN_0192,basic,3,42192,PLANNED,,,
SYN_0193,basic,3,42193,PLANNED,,,
SYN_0194,basic,3,42194,PLANNED,,,
SYN_0195,basic,3,42195,PLANNED,,,
SYN_0196,basic,3,42196,PLANNED,,,
SYN_0197,basic,3,42197,PLANNED,,,
SYN_0198,basic,3,42198,PLANNED,,,
SYN_0199,basic,3,42199,PLANNED,,,
SYN_0200,basic,3,42200,PLANNED,,,
SYN_0201,basic,3,42201,PLANNED,,,
SYN_0202,basic,3,42202,PLANNED,,,
SYN_0203,basic,3,42203,PLANNED,,,
SYN_0204,basic,3,42204,PLANNED,,,
SYN_0205,basic,3,42205,PLANNED,,,
SYN_0206,basic,3,42206,PLANNED,,,
SYN_0207,basic,3,42207,PLANNED,,,
SYN_0208,basic,3,42208,PLANNED,,,
SYN_0209,basic,3,42209,PLANNED,,,
SYN_0210,basic,3,42210,PLANNED,,,
SYN_0211,basic,3,42211,PLANNED,,,
SYN_0212,basic,3,42212,PLANNED,,,
SYN_0213,basic,3,42213,PLANNED,,,
SYN_0214,basic,3,42214,PLANNED,,,
SYN_0215,basic,3,42215,PLANNED,,,
SYN_0216,basic,3,42216,PLANNED,,,
SYN_0217,basic,3,42217,PLANNED,,,
SYN_0218,basic,3,42218,PLANNED,,,
SYN_0219,basic,3,42219,PLANNED,,,
SYN_0220,basic,3,42220,PLANNED,,,
SYN_0221,medium,4,42221,PLANNED,,,
SYN_0222,medium,4,42222,PLANNED,,,
SYN_0223,medium,4,42223,PLANNED,,,
SYN_0224,medium,4,42224,PLANNED,,,
SYN_0225,medium,4,42225,PLANNED,,,
SYN_0226,medium,4,42226,PLANNED,,,
SYN_0227,medium,4,42227,PLANNED,,,
SYN_0228,medium,4,42228,PLANNED,,,
SYN_0229,medium,4,42229,PLANNED,,,
SYN_0230,medium,4,42230,PLANNED,,,
SYN_0231,medium,4,42231,PLANNED,,,
SYN_0232,medium,4,42232,PLANNED,,,
SYN_0233,medium,4,42233,PLANNED,,,
SYN_0234,medium,4,42234,PLANNED,,,
SYN_0235,medium,4,42235,PLANNED,,,
SYN_0236,medium,4,42236,PLANNED,,,
SYN_0237,medium,4,42237,PLANNED,,,
SYN_0238,medium,4,42238,PLANNED,,,
SYN_0239,medium,4,42239,PLANNED,,,
SYN_0240,medium,4,42240,PLANNED,,,
SYN_0241,medium,4,42241,PLANNED,,,
SYN_0242,medium,4,42242,PLANNED,,,
SYN_0243,medium,4,42243,PLANNED,,,
SYN_0244,medium,4,42244,PLANNED,,,
SYN_0245,medium,4,42245,PLANNED,,,
SYN_0246,medium,4,42246,PLANNED,,,
SYN_0247,medium,4,42247,PLANNED,,,
SYN_0248,medium,4,42248,PLANNED,,,
SYN_0249,medium,4,42249,PLANNED,,,
SYN_0250,medium,4,42250,PLANNED,,,
SYN_0251,medium,4,42251,PLANNED,,,
SYN_0252,medium,4,42252,PLANNED,,,
SYN_0253,medium,4,42253,PLANNED,,,
SYN_0254,medium,4,42254,PLANNED,,,
SYN_0255,medium,4,42255,PLANNED,,,
SYN_0256,medium,4,42256,PLANNED,,,
SYN_0257,medium,4,42257,PLANNED,,,
SYN_0258,medium,4,42258,PLANNED,,,
SYN_0259,medium,4,42259,PLANNED,,,
SYN_0260,medium,4,42260,PLANNED,,,
SYN_0261,medium,4,42261,PLANNED,,,
SYN_0262,medium,4,42262,PLANNED,,,
SYN_0263,medium,4,42263,PLANNED,,,
SYN_0264,medium,4,42264,PLANNED,,,
SYN_0265,medium,4,42265,PLANNED,,,
SYN_0266,medium,4,42266,PLANNED,,,
SYN_0267,medium,4,42267,PLANNED,,,
SYN_0268,medium,4,42268,PLANNED,,,
SYN_0269,medium,4,42269,PLANNED,,,
SYN_0270,medium,4,42270,PLANNED,,,
SYN_0271,medium,4,42271,PLANNED,,,
SYN_0272,medium,4,42272,PLANNED,,,
SYN_0273,medium,4,42273,PLANNED,,,
SYN_0274,medium,4,42274,PLANNED,,,
SYN_0275,medium,4,42275,PLANNED,,,
SYN_0276,medium,4,42276,PLANNED,,,
SYN_0277,medium,4,42277,PLANNED,,,
SYN_0278,medium,4,42278,PLANNED,,,
SYN_0279,medium,4,42279,PLANNED,,,
SYN_0280,medium,4,42280,PLANNED,,,
SYN_0281,medium,4,42281,PLANNED,,,
SYN_0282,medium,4,42282,PLANNED,,,
SYN_0283,medium,4,42283,PLANNED,,,
SYN_0284,medium,4,42284,PLANNED,,,
SYN_0285,medium,4,42285,PLANNED,,,
SYN_0286,medium,4,42286,PLANNED,,,
SYN_0287,medium,4,42287,PLANNED,,,
SYN_0288,medium,4,42288,PLANNED,,,
SYN_0289,medium,4,42289,PLANNED,,,
SYN_0290,medium,4,42290,PLANNED,,,
SYN_0291,medium,4,42291,PLANNED,,,
SYN_0292,medium,4,42292,PLANNED,,,
SYN_0293,medium,4,42293,PLANNED,,,
SYN_0294,medium,4,42294,PLANNED,,,
SYN_0295,medium,4,42295,PLANNED,,,
SYN_0296,medium,4,42296,PLANNED,,,
SYN_0297,medium,4,42297,PLANNED,,,
SYN_0298,medium,4,42298,PLANNED,,,
SYN_0299,medium,4,42299,PLANNED,,,
SYN_0300,medium,4,42300,PLANNED,,,
SYN_0301,medium,4,42301,PLANNED,,,
SYN_0302,medium,4,42302,PLANNED,,,
SYN_0303,medium,4,42303,PLANNED,,,
SYN_0304,medium,4,42304,PLANNED,,,
SYN_0305,medium,4,42305,PLANNED,,,
SYN_0306,medium,4,42306,PLANNED,,,
SYN_0307,medium,4,42307,PLANNED,,,
SYN_0308,medium,4,42308,PLANNED,,,
SYN_0309,medium,4,42309,PLANNED,,,
SYN_0310,medium,4,42310,PLANNED,,,
SYN_0311,medium,4,42311,PLANNED,,,
SYN_0312,medium,4,42312,PLANNED,,,
SYN_0313,medium,4,42313,PLANNED,,,
SYN_0314,medium,4,42314,PLANNED,,,
SYN_0315,medium,4,42315,PLANNED,,,
SYN_0316,medium,4,42316,PLANNED,,,
SYN_0317,medium,4,42317,PLANNED,,,
SYN_0318,medium,4,42318,PLANNED,,,
SYN_0319,medium,4,42319,PLANNED,,,
SYN_0320,medium,4,42320,PLANNED,,,
SYN_0321,medium,4,42321,PLANNED,,,
SYN_0322,medium,4,42322,PLANNED,,,
SYN_0323,medium,4,42323,PLANNED,,,
SYN_0324,medium,4,42324,PLANNED,,,
SYN_0325,medium,4,42325,PLANNED,,,
SYN_0326,medium,4,42326,PLANNED,,,
SYN_0327,medium,4,42327,PLANNED,,,
SYN_0328,medium,4,42328,PLANNED,,,
SYN_0329,medium,4,42329,PLANNED,,,
SYN_0330,medium,4,42330,PLANNED,,,
SYN_0331,medium,5,42331,PLANNED,,,
SYN_0332,medium,5,42332,PLANNED,,,
SYN_0333,medium,5,42333,PLANNED,,,
SYN_0334,medium,5,42334,PLANNED,,,
SYN_0335,medium,5,42335,PLANNED,,,
SYN_0336,medium,5,42336,PLANNED,,,
SYN_0337,medium,5,42337,PLANNED,,,
SYN_0338,medium,5,42338,PLANNED,,,
SYN_0339,medium,5,42339,PLANNED,,,
SYN_0340,medium,5,42340,PLANNED,,,
SYN_0341,medium,5,42341,PLANNED,,,
SYN_0342,medium,5,42342,PLANNED,,,
SYN_0343,medium,5,42343,PLANNED,,,
SYN_0344,medium,5,42344,PLANNED,,,
SYN_0345,medium,5,42345,PLANNED,,,
SYN_0346,medium,5,42346,PLANNED,,,
SYN_0347,medium,5,42347,PLANNED,,,
SYN_0348,medium,5,42348,PLANNED,,,
SYN_0349,medium,5,42349,PLANNED,,,
SYN_0350,medium,5,42350,PLANNED,,,
SYN_0351,medium,5,42351,PLANNED,,,
SYN_0352,medium,5,42352,PLANNED,,,
SYN_0353,medium,5,42353,PLANNED,,,
SYN_0354,medium,5,42354,PLANNED,,,
SYN_0355,medium,5,42355,PLANNED,,,
SYN_0356,medium,5,42356,PLANNED,,,
SYN_0357,medium,5,42357,PLANNED,,,
SYN_0358,medium,5,42358,PLANNED,,,
SYN_0359,medium,5,42359,PLANNED,,,
SYN_0360,medium,5,42360,PLANNED,,,
SYN_0361,medium,5,42361,PLANNED,,,
SYN_0362,medium,5,42362,PLANNED,,,
SYN_0363,medium,5,42363,PLANNED,,,
SYN_0364,medium,5,42364,PLANNED,,,
SYN_0365,medium,5,42365,PLANNED,,,
SYN_0366,medium,5,42366,PLANNED,,,
SYN_0367,medium,5,42367,PLANNED,,,
SYN_0368,medium,5,42368,PLANNED,,,
SYN_0369,medium,5,42369,PLANNED,,,
SYN_0370,medium,5,42370,PLANNED,,,
SYN_0371,medium,5,42371,PLANNED,,,
SYN_0372,medium,5,42372,PLANNED,,,
SYN_0373,medium,5,42373,PLANNED,,,
SYN_0374,medium,5,42374,PLANNED,,,
SYN_0375,medium,5,42375,PLANNED,,,
SYN_0376,medium,5,42376,PLANNED,,,
SYN_0377,medium,5,42377,PLANNED,,,
SYN_0378,medium,5,42378,PLANNED,,,
SYN_0379,medium,5,42379,PLANNED,,,
SYN_0380,medium,5,42380,PLANNED,,,
SYN_0381,medium,5,42381,PLANNED,,,
SYN_0382,medium,5,42382,PLANNED,,,
SYN_0383,medium,5,42383,PLANNED,,,
SYN_0384,medium,5,42384,PLANNED,,,
SYN_0385,medium,5,42385,PLANNED,,,
SYN_0386,medium,5,42386,PLANNED,,,
SYN_0387,medium,5,42387,PLANNED,,,
SYN_0388,medium,5,42388,PLANNED,,,
SYN_0389,medium,5,42389,PLANNED,,,
SYN_0390,medium,5,42390,PLANNED,,,
SYN_0391,medium,5,42391,PLANNED,,,
SYN_0392,medium,5,42392,PLANNED,,,
SYN_0393,medium,5,42393,PLANNED,,,
SYN_0394,medium,5,42394,PLANNED,,,
SYN_0395,medium,5,42395,PLANNED,,,
SYN_0396,medium,5,42396,PLANNED,,,
SYN_0397,medium,5,42397,PLANNED,,,
SYN_0398,medium,5,42398,PLANNED,,,
SYN_0399,medium,5,42399,PLANNED,,,
SYN_0400,medium,5,42400,PLANNED,,,
SYN_0401,medium,5,42401,PLANNED,,,
SYN_0402,medium,5,42402,PLANNED,,,
SYN_0403,medium,5,42403,PLANNED,,,
SYN_0404,medium,5,42404,PLANNED,,,
SYN_0405,medium,5,42405,PLANNED,,,
SYN_0406,medium,5,42406,PLANNED,,,
SYN_0407,medium,5,42407,PLANNED,,,
SYN_0408,medium,5,42408,PLANNED,,,
SYN_0409,medium,5,42409,PLANNED,,,
SYN_0410,medium,5,42410,PLANNED,,,
SYN_0411,medium,5,42411,PLANNED,,,
SYN_0412,medium,5,42412,PLANNED,,,
SYN_0413,medium,5,42413,PLANNED,,,
SYN_0414,medium,5,42414,PLANNED,,,
SYN_0415,medium,5,42415,PLANNED,,,
SYN_0416,medium,5,42416,PLANNED,,,
SYN_0417,medium,5,42417,PLANNED,,,
SYN_0418,medium,5,42418,PLANNED,,,
SYN_0419,medium,5,42419,PLANNED,,,
SYN_0420,medium,5,42420,PLANNED,,,
SYN_0421,medium,5,42421,PLANNED,,,
SYN_0422,medium,5,42422,PLANNED,,,
SYN_0423,medium,5,42423,PLANNED,,,
SYN_0424,medium,5,42424,PLANNED,,,
SYN_0425,medium,5,42425,PLANNED,,,
SYN_0426,medium,5,42426,PLANNED,,,
SYN_0427,medium,5,42427,PLANNED,,,
SYN_0428,medium,5,42428,PLANNED,,,
SYN_0429,medium,5,42429,PLANNED,,,
SYN_0430,medium,5,42430,PLANNED,,,
SYN_0431,medium,5,42431,PLANNED,,,
SYN_0432,medium,5,42432,PLANNED,,,
SYN_0433,medium,5,42433,PLANNED,,,
SYN_0434,medium,5,42434,PLANNED,,,
SYN_0435,medium,5,42435,PLANNED,,,
SYN_0436,medium,5,42436,PLANNED,,,
SYN_0437,medium,5,42437,PLANNED,,,
SYN_0438,medium,5,42438,PLANNED,,,
SYN_0439,medium,5,42439,PLANNED,,,
SYN_0440,medium,5,42440,PLANNED,,,
SYN_0441,hard,6,42441,PLANNED,,,
SYN_0442,hard,6,42442,PLANNED,,,
SYN_0443,hard,6,42443,PLANNED,,,
SYN_0444,hard,6,42444,PLANNED,,,
SYN_0445,hard,6,42445,PLANNED,,,
SYN_0446,hard,6,42446,PLANNED,,,
SYN_0447,hard,6,42447,PLANNED,,,
SYN_0448,hard,6,42448,PLANNED,,,
SYN_0449,hard,6,42449,PLANNED,,,
SYN_0450,hard,6,42450,PLANNED,,,
SYN_0451,hard,6,42451,PLANNED,,,
SYN_0452,hard,6,42452,PLANNED,,,
SYN_0453,hard,6,42453,PLANNED,,,
SYN_0454,hard,6,42454,PLANNED,,,
SYN_0455,hard,6,42455,PLANNED,,,
SYN_0456,hard,6,42456,PLANNED,,,
SYN_0457,hard,6,42457,PLANNED,,,
SYN_0458,hard,6,42458,PLANNED,,,
SYN_0459,hard,6,42459,PLANNED,,,
SYN_0460,hard,6,42460,PLANNED,,,
SYN_0461,hard,6,42461,PLANNED,,,
SYN_0462,hard,6,42462,PLANNED,,,
SYN_0463,hard,6,42463,PLANNED,,,
SYN_0464,hard,6,42464,PLANNED,,,
SYN_0465,hard,6,42465,PLANNED,,,
SYN_0466,hard,6,42466,PLANNED,,,
SYN_0467,hard,6,42467,PLANNED,,,
SYN_0468,hard,6,42468,PLANNED,,,
SYN_0469,hard,6,42469,PLANNED,,,
SYN_0470,hard,6,42470,PLANNED,,,
SYN_0471,hard,6,42471,PLANNED,,,
SYN_0472,hard,6,42472,PLANNED,,,
SYN_0473,hard,6,42473,PLANNED,,,
SYN_0474,hard,6,42474,PLANNED,,,
SYN_0475,hard,6,42475,PLANNED,,,
SYN_0476,hard,6,42476,PLANNED,,,
SYN_0477,hard,6,42477,PLANNED,,,
SYN_0478,hard,6,42478,PLANNED,,,
SYN_0479,hard,6,42479,PLANNED,,,
SYN_0480,hard,6,42480,PLANNED,,,
SYN_0481,hard,6,42481,PLANNED,,,
SYN_0482,hard,6,42482,PLANNED,,,
SYN_0483,hard,6,42483,PLANNED,,,
SYN_0484,hard,6,42484,PLANNED,,,
SYN_0485,hard,6,42485,PLANNED,,,
SYN_0486,hard,6,42486,PLANNED,,,
SYN_0487,hard,6,42487,PLANNED,,,
SYN_0488,hard,6,42488,PLANNED,,,
SYN_0489,hard,6,42489,PLANNED,,,
SYN_0490,hard,6,42490,PLANNED,,,
SYN_0491,hard,7,42491,PLANNED,,,
SYN_0492,hard,7,42492,PLANNED,,,
SYN_0493,hard,7,42493,PLANNED,,,
SYN_0494,hard,7,42494,PLANNED,,,
SYN_0495,hard,7,42495,PLANNED,,,
SYN_0496,hard,7,42496,PLANNED,,,
SYN_0497,hard,7,42497,PLANNED,,,
SYN_0498,hard,7,42498,PLANNED,,,
SYN_0499,hard,7,42499,PLANNED,,,
SYN_0500,hard,7,42500,PLANNED,,,
SYN_0501,hard,7,42501,PLANNED,,,
SYN_0502,hard,7,42502,PLANNED,,,
SYN_0503,hard,7,42503,PLANNED,,,
SYN_0504,hard,7,42504,PLANNED,,,
SYN_0505,hard,7,42505,PLANNED,,,
SYN_0506,hard,7,42506,PLANNED,,,
SYN_0507,hard,7,42507,PLANNED,,,
SYN_0508,hard,7,42508,PLANNED,,,
SYN_0509,hard,7,42509,PLANNED,,,
SYN_0510,hard,7,42510,PLANNED,,,
SYN_0511,hard,7,42511,PLANNED,,,
SYN_0512,hard,7,42512,PLANNED,,,
SYN_0513,hard,7,42513,PLANNED,,,
SYN_0514,hard,7,42514,PLANNED,,,
SYN_0515,hard,7,42515,PLANNED,,,
SYN_0516,hard,7,42516,PLANNED,,,
SYN_0517,hard,7,42517,PLANNED,,,
SYN_0518,hard,7,42518,PLANNED,,,
SYN_0519,hard,7,42519,PLANNED,,,
SYN_0520,hard,7,42520,PLANNED,,,
SYN_0521,hard,7,42521,PLANNED,,,
SYN_0522,hard,7,42522,PLANNED,,,
SYN_0523,hard,7,42523,PLANNED,,,
SYN_0524,hard,7,42524,PLANNED,,,
SYN_0525,hard,7,42525,PLANNED,,,
SYN_0526,hard,7,42526,PLANNED,,,
SYN_0527,hard,7,42527,PLANNED,,,
SYN_0528,hard,7,42528,PLANNED,,,
SYN_0529,hard,7,42529,PLANNED,,,
SYN_0530,hard,7,42530,PLANNED,,,
SYN_0531,hard,7,42531,PLANNED,,,
SYN_0532,hard,7,42532,PLANNED,,,
SYN_0533,hard,7,42533,PLANNED,,,
SYN_0534,hard,7,42534,PLANNED,,,
SYN_0535,hard,7,42535,PLANNED,,,
SYN_0536,hard,7,42536,PLANNED,,,
SYN_0537,hard,7,42537,PLANNED,,,
SYN_0538,hard,7,42538,PLANNED,,,
SYN_0539,hard,7,42539,PLANNED,,,
SYN_0540,hard,7,42540,PLANNED,,,
SYN_0541,hard,8,42541,PLANNED,,,
SYN_0542,hard,8,42542,PLANNED,,,
SYN_0543,hard,8,42543,PLANNED,,,
SYN_0544,hard,8,42544,PLANNED,,,
SYN_0545,hard,8,42545,PLANNED,,,
SYN_0546,hard,8,42546,PLANNED,,,
SYN_0547,hard,8,42547,PLANNED,,,
SYN_0548,hard,8,42548,PLANNED,,,
SYN_0549,hard,8,42549,PLANNED,,,
SYN_0550,hard,8,42550,PLANNED,,,
SYN_0551,hard,8,42551,PLANNED,,,
SYN_0552,hard,8,42552,PLANNED,,,
SYN_0553,hard,8,42553,PLANNED,,,
SYN_0554,hard,8,42554,PLANNED,,,
SYN_0555,hard,8,42555,PLANNED,,,
SYN_0556,hard,8,42556,PLANNED,,,
SYN_0557,hard,8,42557,PLANNED,,,
SYN_0558,hard,8,42558,PLANNED,,,
SYN_0559,hard,8,42559,PLANNED,,,
SYN_0560,hard,8,42560,PLANNED,,,
SYN_0561,hard,8,42561,PLANNED,,,
SYN_0562,hard,8,42562,PLANNED,,,
SYN_0563,hard,8,42563,PLANNED,,,
SYN_0564,hard,8,42564,PLANNED,,,
SYN_0565,hard,8,42565,PLANNED,,,
SYN_0566,hard,8,42566,PLANNED,,,
SYN_0567,hard,8,42567,PLANNED,,,
SYN_0568,hard,8,42568,PLANNED,,,
SYN_0569,hard,8,42569,PLANNED,,,
SYN_0570,hard,8,42570,PLANNED,,,
SYN_0571,hard,8,42571,PLANNED,,,
SYN_0572,hard,8,42572,PLANNED,,,
SYN_0573,hard,8,42573,PLANNED,,,
SYN_0574,hard,8,42574,PLANNED,,,
SYN_0575,hard,8,42575,PLANNED,,,
SYN_0576,hard,8,42576,PLANNED,,,
SYN_0577,hard,8,42577,PLANNED,,,
SYN_0578,hard,8,42578,PLANNED,,,
SYN_0579,hard,8,42579,PLANNED,,,
SYN_0580,hard,8,42580,PLANNED,,,
SYN_0581,hard,8,42581,PLANNED,,,
SYN_0582,hard,8,42582,PLANNED,,,
SYN_0583,hard,8,42583,PLANNED,,,
SYN_0584,hard,8,42584,PLANNED,,,
SYN_0585,hard,8,42585,PLANNED,,,
SYN_0586,hard,8,42586,PLANNED,,,
SYN_0587,hard,8,42587,PLANNED,,,
SYN_0588,hard,8,42588,PLANNED,,,
SYN_0589,hard,8,42589,PLANNED,,,
SYN_0590,hard,8,42590,PLANNED,,,
SYN_0591,extreme,9,42591,PLANNED,,,
SYN_0592,extreme,9,42592,PLANNED,,,
SYN_0593,extreme,9,42593,PLANNED,,,
SYN_0594,extreme,9,42594,PLANNED,,,
SYN_0595,extreme,9,42595,PLANNED,,,
SYN_0596,extreme,9,42596,PLANNED,,,
SYN_0597,extreme,9,42597,PLANNED,,,
SYN_0598,extreme,9,42598,PLANNED,,,
SYN_0599,extreme,9,42599,PLANNED,,,
SYN_0600,extreme,9,42600,PLANNED,,,
SYN_0601,extreme,9,42601,PLANNED,,,
SYN_0602,extreme,9,42602,PLANNED,,,
SYN_0603,extreme,9,42603,PLANNED,,,
SYN_0604,extreme,9,42604,PLANNED,,,
SYN_0605,extreme,9,42605,PLANNED,,,
SYN_0606,extreme,9,42606,PLANNED,,,
SYN_0607,extreme,9,42607,PLANNED,,,
SYN_0608,extreme,9,42608,PLANNED,,,
SYN_0609,extreme,9,42609,PLANNED,,,
SYN_0610,extreme,9,42610,PLANNED,,,
SYN_0611,extreme,10,42611,PLANNED,,,
SYN_0612,extreme,10,42612,PLANNED,,,
SYN_0613,extreme,10,42613,PLANNED,,,
SYN_0614,extreme,10,42614,PLANNED,,,
SYN_0615,extreme,10,42615,PLANNED,,,
SYN_0616,extreme,10,42616,PLANNED,,,
SYN_0617,extreme,10,42617,PLANNED,,,
SYN_0618,extreme,10,42618,PLANNED,,,
SYN_0619,extreme,10,42619,PLANNED,,,
SYN_0620,extreme,10,42620,PLANNED,,,
SYN_0621,extreme,10,42621,PLANNED,,,
SYN_0622,extreme,10,42622,PLANNED,,,
SYN_0623,extreme,10,42623,PLANNED,,,
SYN_0624,extreme,10,42624,PLANNED,,,
SYN_0625,extreme,10,42625,PLANNED,,,
SYN_0626,extreme,11,42626,PLANNED,,,
SYN_0627,extreme,11,42627,PLANNED,,,
SYN_0628,extreme,11,42628,PLANNED,,,
SYN_0629,extreme,11,42629,PLANNED,,,
SYN_0630,extreme,11,42630,PLANNED,,,
SYN_0631,extreme,11,42631,PLANNED,,,
SYN_0632,extreme,11,42632,PLANNED,,,
SYN_0633,extreme,11,42633,PLANNED,,,
SYN_0634,extreme,11,42634,PLANNED,,,
SYN_0635,extreme,11,42635,PLANNED,,,
SYN_0636,extreme,12,42636,PLANNED,,,
SYN_0637,extreme,12,42637,PLANNED,,,
SYN_0638,extreme,12,42638,PLANNED,,,
SYN_0639,extreme,12,42639,PLANNED,,,
SYN_0640,extreme,12,42640,PLANNED,,,
SYN_0641,extreme,12,42641,PLANNED,,,
SYN_0642,extreme,12,42642,PLANNED,,,
SYN_0643,extreme,12,42643,PLANNED,,,
SYN_0644,extreme,12,42644,PLANNED,,,
SYN_0645,extreme,12,42645,PLANNED,,,
SYN_0646,extreme,13,42646,PLANNED,,,
SYN_0647,extreme,13,42647,PLANNED,,,
SYN_0648,extreme,13,42648,PLANNED,,,
SYN_0649,extreme,13,42649,PLANNED,,,
SYN_0650,extreme,13,42650,PLANNED,,,
SYN_0651,extreme,14,42651,PLANNED,,,
SYN_0652,extreme,14,42652,PLANNED,,,
SYN_0653,extreme,14,42653,PLANNED,,,
SYN_0654,extreme,15,42654,PLANNED,,,
SYN_0655,extreme,15,42655,PLANNED,,,
